{"accuracy": [0.8884462151394422, 0.896414342629482, 0.9030544488711819, 0.8950863213811421, 0.900398406374502, 0.9043824701195219, 0.899070385126162, 0.8937583001328021, 0.9110225763612217, 0.8884462151394422], "config": {"batch_size": 16, "num_epochs": 1, "num_epochs_finetune": 5, "num_sents": 64, "test_on_test": true}}