{"accuracy": [0.4847277556440903, 0.29747675962815406, 0.15670650730411687, 0.5936254980079682, 0.6228419654714475, 0.899070385126162, 0.9070385126162018, 0.6361221779548473, 0.3798140770252324, 0.6201859229747676], "config": {"batch_size": 16, "num_epochs": 1, "num_epochs_finetune": 5, "num_sents": 64, "test_on_test": true}}